class_net,24.876,TanhLayer,TanhLayer,0.1,0.010,5,59.5
row_net,12.000,TanhLayer,TanhLayer,0.1,0.010,5,61.2
col_net,10.667,TanhLayer,TanhLayer,0.1,0.010,5,62.4
class_net,23.881,TanhLayer,TanhLayer,0.1,0.010,6,67.6
row_net,15.333,TanhLayer,TanhLayer,0.1,0.010,6,69.2
col_net,17.333,TanhLayer,TanhLayer,0.1,0.010,6,70.5
class_net,23.881,TanhLayer,TanhLayer,0.1,0.010,7,79.0
row_net,16.000,TanhLayer,TanhLayer,0.1,0.010,7,80.7
col_net,16.000,TanhLayer,TanhLayer,0.1,0.010,7,82.0
class_net,24.876,TanhLayer,TanhLayer,0.1,0.010,8,91.9
row_net,14.667,TanhLayer,TanhLayer,0.1,0.010,8,93.6
col_net,22.667,TanhLayer,TanhLayer,0.1,0.010,8,94.8
class_net,26.368,TanhLayer,TanhLayer,0.1,0.010,9,100.3
row_net,15.333,TanhLayer,TanhLayer,0.1,0.010,9,102.0
col_net,12.667,TanhLayer,TanhLayer,0.1,0.010,9,103.3
class_net,24.876,TanhLayer,TanhLayer,0.1,0.010,10,111.8
row_net,18.667,TanhLayer,TanhLayer,0.1,0.010,10,113.5
col_net,19.333,TanhLayer,TanhLayer,0.1,0.010,10,114.7
class_net,26.866,TanhLayer,TanhLayer,0.1,0.019,5,58.5
row_net,14.000,TanhLayer,TanhLayer,0.1,0.019,5,60.2
col_net,22.000,TanhLayer,TanhLayer,0.1,0.019,5,61.4
class_net,25.373,TanhLayer,TanhLayer,0.1,0.019,6,69.0
row_net,12.667,TanhLayer,TanhLayer,0.1,0.019,6,70.7
col_net,23.333,TanhLayer,TanhLayer,0.1,0.019,6,71.9
class_net,26.368,TanhLayer,TanhLayer,0.1,0.019,7,79.1
row_net,16.667,TanhLayer,TanhLayer,0.1,0.019,7,80.8
col_net,20.000,TanhLayer,TanhLayer,0.1,0.019,7,82.0
class_net,23.881,TanhLayer,TanhLayer,0.1,0.019,8,89.8
row_net,14.000,TanhLayer,TanhLayer,0.1,0.019,8,91.5
col_net,12.000,TanhLayer,TanhLayer,0.1,0.019,8,92.8
class_net,26.866,TanhLayer,TanhLayer,0.1,0.019,9,101.5
row_net,19.333,TanhLayer,TanhLayer,0.1,0.019,9,103.2
col_net,17.333,TanhLayer,TanhLayer,0.1,0.019,9,104.4
class_net,24.876,TanhLayer,TanhLayer,0.1,0.019,10,112.1
row_net,17.333,TanhLayer,TanhLayer,0.1,0.019,10,113.8
col_net,15.333,TanhLayer,TanhLayer,0.1,0.019,10,115.0
class_net,24.378,TanhLayer,TanhLayer,0.1,0.028,5,60.0
row_net,18.667,TanhLayer,TanhLayer,0.1,0.028,5,61.6
col_net,18.000,TanhLayer,TanhLayer,0.1,0.028,5,62.8
class_net,25.871,TanhLayer,TanhLayer,0.1,0.028,6,69.2
row_net,21.333,TanhLayer,TanhLayer,0.1,0.028,6,70.9
col_net,12.667,TanhLayer,TanhLayer,0.1,0.028,6,72.1
class_net,24.378,TanhLayer,TanhLayer,0.1,0.028,7,79.0
row_net,15.333,TanhLayer,TanhLayer,0.1,0.028,7,80.7
col_net,18.667,TanhLayer,TanhLayer,0.1,0.028,7,82.0
class_net,24.876,TanhLayer,TanhLayer,0.1,0.028,8,90.3
row_net,16.000,TanhLayer,TanhLayer,0.1,0.028,8,92.0
col_net,15.333,TanhLayer,TanhLayer,0.1,0.028,8,93.3
class_net,27.363,TanhLayer,TanhLayer,0.1,0.028,9,100.2
row_net,18.667,TanhLayer,TanhLayer,0.1,0.028,9,101.9
col_net,14.667,TanhLayer,TanhLayer,0.1,0.028,9,103.2
class_net,27.363,TanhLayer,TanhLayer,0.1,0.028,10,110.4
row_net,16.667,TanhLayer,TanhLayer,0.1,0.028,10,112.1
col_net,12.667,TanhLayer,TanhLayer,0.1,0.028,10,113.4
class_net,24.378,TanhLayer,TanhLayer,0.1,0.037,5,59.3
row_net,18.667,TanhLayer,TanhLayer,0.1,0.037,5,60.9
col_net,11.333,TanhLayer,TanhLayer,0.1,0.037,5,62.2
class_net,24.876,TanhLayer,TanhLayer,0.1,0.037,6,69.6
row_net,12.000,TanhLayer,TanhLayer,0.1,0.037,6,71.3
col_net,17.333,TanhLayer,TanhLayer,0.1,0.037,6,72.5
class_net,23.881,TanhLayer,TanhLayer,0.1,0.037,7,79.6
row_net,12.000,TanhLayer,TanhLayer,0.1,0.037,7,81.3
col_net,11.333,TanhLayer,TanhLayer,0.1,0.037,7,82.5
class_net,25.373,TanhLayer,TanhLayer,0.1,0.037,8,90.7
row_net,11.333,TanhLayer,TanhLayer,0.1,0.037,8,92.4
col_net,11.333,TanhLayer,TanhLayer,0.1,0.037,8,93.7
class_net,24.876,TanhLayer,TanhLayer,0.1,0.037,9,100.5
row_net,20.667,TanhLayer,TanhLayer,0.1,0.037,9,102.2
col_net,12.000,TanhLayer,TanhLayer,0.1,0.037,9,103.5
class_net,23.383,TanhLayer,TanhLayer,0.1,0.037,10,112.5
row_net,14.000,TanhLayer,TanhLayer,0.1,0.037,10,114.2
col_net,16.000,TanhLayer,TanhLayer,0.1,0.037,10,115.5
class_net,24.876,TanhLayer,TanhLayer,0.1,0.046,5,59.0
row_net,18.000,TanhLayer,TanhLayer,0.1,0.046,5,60.6
col_net,22.000,TanhLayer,TanhLayer,0.1,0.046,5,61.8
class_net,26.866,TanhLayer,TanhLayer,0.1,0.046,6,69.7
row_net,12.000,TanhLayer,TanhLayer,0.1,0.046,6,71.4
col_net,20.667,TanhLayer,TanhLayer,0.1,0.046,6,72.6
class_net,25.871,TanhLayer,TanhLayer,0.1,0.046,7,78.6
row_net,20.000,TanhLayer,TanhLayer,0.1,0.046,7,80.3
col_net,24.000,TanhLayer,TanhLayer,0.1,0.046,7,81.6
class_net,25.373,TanhLayer,TanhLayer,0.1,0.046,8,88.3
row_net,16.667,TanhLayer,TanhLayer,0.1,0.046,8,90.0
col_net,10.667,TanhLayer,TanhLayer,0.1,0.046,8,91.3
class_net,26.866,TanhLayer,TanhLayer,0.1,0.046,9,101.2
row_net,18.000,TanhLayer,TanhLayer,0.1,0.046,9,102.9
col_net,18.667,TanhLayer,TanhLayer,0.1,0.046,9,104.1
class_net,22.388,TanhLayer,TanhLayer,0.1,0.046,10,111.7
row_net,13.333,TanhLayer,TanhLayer,0.1,0.046,10,113.5
col_net,25.333,TanhLayer,TanhLayer,0.1,0.046,10,114.8
class_net,22.388,TanhLayer,TanhLayer,0.1,0.054,5,64.4
row_net,20.000,TanhLayer,TanhLayer,0.1,0.054,5,66.0
col_net,19.333,TanhLayer,TanhLayer,0.1,0.054,5,67.2
class_net,24.876,TanhLayer,TanhLayer,0.1,0.054,6,69.0
row_net,19.333,TanhLayer,TanhLayer,0.1,0.054,6,70.6
col_net,10.667,TanhLayer,TanhLayer,0.1,0.054,6,71.9
class_net,26.368,TanhLayer,TanhLayer,0.1,0.054,7,80.0
row_net,15.333,TanhLayer,TanhLayer,0.1,0.054,7,81.7
col_net,20.667,TanhLayer,TanhLayer,0.1,0.054,7,83.0
class_net,23.881,TanhLayer,TanhLayer,0.1,0.054,8,89.8
row_net,18.667,TanhLayer,TanhLayer,0.1,0.054,8,91.9
col_net,12.667,TanhLayer,TanhLayer,0.1,0.054,8,93.2
class_net,27.363,TanhLayer,TanhLayer,0.1,0.054,9,100.4
row_net,15.333,TanhLayer,TanhLayer,0.1,0.054,9,102.1
col_net,15.333,TanhLayer,TanhLayer,0.1,0.054,9,103.3
class_net,22.886,TanhLayer,TanhLayer,0.1,0.054,10,112.0
row_net,14.000,TanhLayer,TanhLayer,0.1,0.054,10,113.7
col_net,18.000,TanhLayer,TanhLayer,0.1,0.054,10,115.0
class_net,23.881,TanhLayer,TanhLayer,0.1,0.063,5,60.2
row_net,16.000,TanhLayer,TanhLayer,0.1,0.063,5,61.9
col_net,22.000,TanhLayer,TanhLayer,0.1,0.063,5,63.1
class_net,27.861,TanhLayer,TanhLayer,0.1,0.063,6,69.1
row_net,18.000,TanhLayer,TanhLayer,0.1,0.063,6,70.7
col_net,12.000,TanhLayer,TanhLayer,0.1,0.063,6,71.9
class_net,23.383,TanhLayer,TanhLayer,0.1,0.063,7,78.6
row_net,16.000,TanhLayer,TanhLayer,0.1,0.063,7,80.3
col_net,14.667,TanhLayer,TanhLayer,0.1,0.063,7,81.6
class_net,27.861,TanhLayer,TanhLayer,0.1,0.063,8,88.5
row_net,14.667,TanhLayer,TanhLayer,0.1,0.063,8,90.2
col_net,10.667,TanhLayer,TanhLayer,0.1,0.063,8,91.4
class_net,23.881,TanhLayer,TanhLayer,0.1,0.063,9,99.6
row_net,15.333,TanhLayer,TanhLayer,0.1,0.063,9,101.3
col_net,11.333,TanhLayer,TanhLayer,0.1,0.063,9,102.6
class_net,24.876,TanhLayer,TanhLayer,0.1,0.063,10,112.1
row_net,14.667,TanhLayer,TanhLayer,0.1,0.063,10,113.8
col_net,26.667,TanhLayer,TanhLayer,0.1,0.063,10,115.1
class_net,25.871,TanhLayer,TanhLayer,0.1,0.072,5,59.7
row_net,15.333,TanhLayer,TanhLayer,0.1,0.072,5,61.3
col_net,22.667,TanhLayer,TanhLayer,0.1,0.072,5,62.5
class_net,24.378,TanhLayer,TanhLayer,0.1,0.072,6,68.8
row_net,16.667,TanhLayer,TanhLayer,0.1,0.072,6,70.5
col_net,23.333,TanhLayer,TanhLayer,0.1,0.072,6,71.7
class_net,24.876,TanhLayer,TanhLayer,0.1,0.072,7,79.8
row_net,17.333,TanhLayer,TanhLayer,0.1,0.072,7,81.5
col_net,12.667,TanhLayer,TanhLayer,0.1,0.072,7,82.7
class_net,25.373,TanhLayer,TanhLayer,0.1,0.072,8,90.6
row_net,12.000,TanhLayer,TanhLayer,0.1,0.072,8,92.3
col_net,23.333,TanhLayer,TanhLayer,0.1,0.072,8,93.6
class_net,26.368,TanhLayer,TanhLayer,0.1,0.072,9,102.9
row_net,16.000,TanhLayer,TanhLayer,0.1,0.072,9,104.6
col_net,15.333,TanhLayer,TanhLayer,0.1,0.072,9,105.8
class_net,22.886,TanhLayer,TanhLayer,0.1,0.072,10,111.8
row_net,14.667,TanhLayer,TanhLayer,0.1,0.072,10,113.5
col_net,20.667,TanhLayer,TanhLayer,0.1,0.072,10,114.8
class_net,23.383,TanhLayer,TanhLayer,0.1,0.081,5,60.2
row_net,12.000,TanhLayer,TanhLayer,0.1,0.081,5,61.8
col_net,16.667,TanhLayer,TanhLayer,0.1,0.081,5,63.1
class_net,25.373,TanhLayer,TanhLayer,0.1,0.081,6,69.3
row_net,14.000,TanhLayer,TanhLayer,0.1,0.081,6,71.0
col_net,21.333,TanhLayer,TanhLayer,0.1,0.081,6,72.3
class_net,25.373,TanhLayer,TanhLayer,0.1,0.081,7,79.1
row_net,15.333,TanhLayer,TanhLayer,0.1,0.081,7,80.7
col_net,10.667,TanhLayer,TanhLayer,0.1,0.081,7,82.0
class_net,24.876,TanhLayer,TanhLayer,0.1,0.081,8,91.6
row_net,15.333,TanhLayer,TanhLayer,0.1,0.081,8,93.3
col_net,14.667,TanhLayer,TanhLayer,0.1,0.081,8,94.6
class_net,24.876,TanhLayer,TanhLayer,0.1,0.081,9,101.8
row_net,14.667,TanhLayer,TanhLayer,0.1,0.081,9,103.5
col_net,14.000,TanhLayer,TanhLayer,0.1,0.081,9,104.8
class_net,22.886,TanhLayer,TanhLayer,0.1,0.081,10,111.3
row_net,12.667,TanhLayer,TanhLayer,0.1,0.081,10,113.1
col_net,14.000,TanhLayer,TanhLayer,0.1,0.081,10,114.3
class_net,25.373,TanhLayer,TanhLayer,0.1,0.090,5,59.3
row_net,13.333,TanhLayer,TanhLayer,0.1,0.090,5,60.9
col_net,19.333,TanhLayer,TanhLayer,0.1,0.090,5,62.1
class_net,22.886,TanhLayer,TanhLayer,0.1,0.090,6,69.6
row_net,16.667,TanhLayer,TanhLayer,0.1,0.090,6,71.3
col_net,12.667,TanhLayer,TanhLayer,0.1,0.090,6,72.6
class_net,23.881,TanhLayer,TanhLayer,0.1,0.090,7,80.9
row_net,16.667,TanhLayer,TanhLayer,0.1,0.090,7,82.5
col_net,14.667,TanhLayer,TanhLayer,0.1,0.090,7,83.8
class_net,26.866,TanhLayer,TanhLayer,0.1,0.090,8,91.6
row_net,14.667,TanhLayer,TanhLayer,0.1,0.090,8,93.3
col_net,19.333,TanhLayer,TanhLayer,0.1,0.090,8,94.6
class_net,20.896,TanhLayer,TanhLayer,0.1,0.090,9,102.0
row_net,14.000,TanhLayer,TanhLayer,0.1,0.090,9,103.7
col_net,16.667,TanhLayer,TanhLayer,0.1,0.090,9,104.9
class_net,24.378,TanhLayer,TanhLayer,0.1,0.090,10,113.7
row_net,9.333,TanhLayer,TanhLayer,0.1,0.090,10,115.4
col_net,14.667,TanhLayer,TanhLayer,0.1,0.090,10,116.7
class_net,24.876,TanhLayer,TanhLayer,0.188888888889,0.010,5,60.4
row_net,18.000,TanhLayer,TanhLayer,0.188888888889,0.010,5,62.0
col_net,19.333,TanhLayer,TanhLayer,0.188888888889,0.010,5,63.2
class_net,22.388,TanhLayer,TanhLayer,0.188888888889,0.010,6,69.7
row_net,18.000,TanhLayer,TanhLayer,0.188888888889,0.010,6,71.4
col_net,19.333,TanhLayer,TanhLayer,0.188888888889,0.010,6,72.6
class_net,27.861,TanhLayer,TanhLayer,0.188888888889,0.010,7,79.9
row_net,14.000,TanhLayer,TanhLayer,0.188888888889,0.010,7,81.6
col_net,23.333,TanhLayer,TanhLayer,0.188888888889,0.010,7,82.8
class_net,26.368,TanhLayer,TanhLayer,0.188888888889,0.010,8,90.4
row_net,19.333,TanhLayer,TanhLayer,0.188888888889,0.010,8,92.1
col_net,21.333,TanhLayer,TanhLayer,0.188888888889,0.010,8,93.3
class_net,23.881,TanhLayer,TanhLayer,0.188888888889,0.010,9,101.2
row_net,19.333,TanhLayer,TanhLayer,0.188888888889,0.010,9,102.9
col_net,24.667,TanhLayer,TanhLayer,0.188888888889,0.010,9,104.2
class_net,27.363,TanhLayer,TanhLayer,0.188888888889,0.010,10,110.1
row_net,15.333,TanhLayer,TanhLayer,0.188888888889,0.010,10,111.9
col_net,19.333,TanhLayer,TanhLayer,0.188888888889,0.010,10,113.1
class_net,24.876,TanhLayer,TanhLayer,0.188888888889,0.019,5,59.8
row_net,14.000,TanhLayer,TanhLayer,0.188888888889,0.019,5,61.4
col_net,24.667,TanhLayer,TanhLayer,0.188888888889,0.019,5,62.7
class_net,20.398,TanhLayer,TanhLayer,0.188888888889,0.019,6,69.8
row_net,16.667,TanhLayer,TanhLayer,0.188888888889,0.019,6,71.5
col_net,14.667,TanhLayer,TanhLayer,0.188888888889,0.019,6,72.7
class_net,22.388,TanhLayer,TanhLayer,0.188888888889,0.019,7,80.0
row_net,18.000,TanhLayer,TanhLayer,0.188888888889,0.019,7,81.7
col_net,10.000,TanhLayer,TanhLayer,0.188888888889,0.019,7,82.9
class_net,23.881,TanhLayer,TanhLayer,0.188888888889,0.019,8,92.0
row_net,12.667,TanhLayer,TanhLayer,0.188888888889,0.019,8,93.7
col_net,13.333,TanhLayer,TanhLayer,0.188888888889,0.019,8,94.9
class_net,20.896,TanhLayer,TanhLayer,0.188888888889,0.019,9,102.1
row_net,18.667,TanhLayer,TanhLayer,0.188888888889,0.019,9,104.2
col_net,14.000,TanhLayer,TanhLayer,0.188888888889,0.019,9,105.4
class_net,27.861,TanhLayer,TanhLayer,0.188888888889,0.019,10,113.6
row_net,22.000,TanhLayer,TanhLayer,0.188888888889,0.019,10,115.3
col_net,11.333,TanhLayer,TanhLayer,0.188888888889,0.019,10,116.6
class_net,26.866,TanhLayer,TanhLayer,0.188888888889,0.028,5,60.1
row_net,13.333,TanhLayer,TanhLayer,0.188888888889,0.028,5,61.8
col_net,18.000,TanhLayer,TanhLayer,0.188888888889,0.028,5,63.0
class_net,25.373,TanhLayer,TanhLayer,0.188888888889,0.028,6,69.3
row_net,11.333,TanhLayer,TanhLayer,0.188888888889,0.028,6,71.0
col_net,15.333,TanhLayer,TanhLayer,0.188888888889,0.028,6,72.2
class_net,23.881,TanhLayer,TanhLayer,0.188888888889,0.028,7,79.0
row_net,17.333,TanhLayer,TanhLayer,0.188888888889,0.028,7,80.7
col_net,10.667,TanhLayer,TanhLayer,0.188888888889,0.028,7,81.9
class_net,27.363,TanhLayer,TanhLayer,0.188888888889,0.028,8,91.4
row_net,17.333,TanhLayer,TanhLayer,0.188888888889,0.028,8,93.0
col_net,13.333,TanhLayer,TanhLayer,0.188888888889,0.028,8,94.3
class_net,24.378,TanhLayer,TanhLayer,0.188888888889,0.028,9,102.7
row_net,15.333,TanhLayer,TanhLayer,0.188888888889,0.028,9,104.4
col_net,16.000,TanhLayer,TanhLayer,0.188888888889,0.028,9,105.7
class_net,22.388,TanhLayer,TanhLayer,0.188888888889,0.028,10,114.2
row_net,12.667,TanhLayer,TanhLayer,0.188888888889,0.028,10,115.9
col_net,7.333,TanhLayer,TanhLayer,0.188888888889,0.028,10,117.2
class_net,24.876,TanhLayer,TanhLayer,0.188888888889,0.037,5,59.9
row_net,13.333,TanhLayer,TanhLayer,0.188888888889,0.037,5,61.5
col_net,24.667,TanhLayer,TanhLayer,0.188888888889,0.037,5,62.8
class_net,25.373,TanhLayer,TanhLayer,0.188888888889,0.037,6,70.5
row_net,18.000,TanhLayer,TanhLayer,0.188888888889,0.037,6,72.2
col_net,14.667,TanhLayer,TanhLayer,0.188888888889,0.037,6,73.5
class_net,24.876,TanhLayer,TanhLayer,0.188888888889,0.037,7,80.0
row_net,18.667,TanhLayer,TanhLayer,0.188888888889,0.037,7,81.7
col_net,14.667,TanhLayer,TanhLayer,0.188888888889,0.037,7,83.0
class_net,26.368,TanhLayer,TanhLayer,0.188888888889,0.037,8,93.2
row_net,11.333,TanhLayer,TanhLayer,0.188888888889,0.037,8,94.9
col_net,17.333,TanhLayer,TanhLayer,0.188888888889,0.037,8,96.1
class_net,23.383,TanhLayer,TanhLayer,0.188888888889,0.037,9,102.0
row_net,15.333,TanhLayer,TanhLayer,0.188888888889,0.037,9,103.7
col_net,19.333,TanhLayer,TanhLayer,0.188888888889,0.037,9,105.0
class_net,25.373,TanhLayer,TanhLayer,0.188888888889,0.037,10,113.3
row_net,20.000,TanhLayer,TanhLayer,0.188888888889,0.037,10,115.0
col_net,17.333,TanhLayer,TanhLayer,0.188888888889,0.037,10,116.3
class_net,24.876,TanhLayer,TanhLayer,0.188888888889,0.046,5,60.3
row_net,15.333,TanhLayer,TanhLayer,0.188888888889,0.046,5,61.9
col_net,21.333,TanhLayer,TanhLayer,0.188888888889,0.046,5,63.2
class_net,26.866,TanhLayer,TanhLayer,0.188888888889,0.046,6,69.9
row_net,16.000,TanhLayer,TanhLayer,0.188888888889,0.046,6,71.6
col_net,13.333,TanhLayer,TanhLayer,0.188888888889,0.046,6,72.8
class_net,19.900,TanhLayer,TanhLayer,0.188888888889,0.046,7,81.2
row_net,18.667,TanhLayer,TanhLayer,0.188888888889,0.046,7,82.9
col_net,15.333,TanhLayer,TanhLayer,0.188888888889,0.046,7,84.1
class_net,24.378,TanhLayer,TanhLayer,0.188888888889,0.046,8,90.4
row_net,16.000,TanhLayer,TanhLayer,0.188888888889,0.046,8,92.1
col_net,16.667,TanhLayer,TanhLayer,0.188888888889,0.046,8,93.4
class_net,29.353,TanhLayer,TanhLayer,0.188888888889,0.046,9,104.2
row_net,19.333,TanhLayer,TanhLayer,0.188888888889,0.046,9,105.9
col_net,15.333,TanhLayer,TanhLayer,0.188888888889,0.046,9,107.2
class_net,27.363,TanhLayer,TanhLayer,0.188888888889,0.046,10,114.1
row_net,20.000,TanhLayer,TanhLayer,0.188888888889,0.046,10,115.8
col_net,17.333,TanhLayer,TanhLayer,0.188888888889,0.046,10,117.1
class_net,25.871,TanhLayer,TanhLayer,0.188888888889,0.054,5,60.6
row_net,19.333,TanhLayer,TanhLayer,0.188888888889,0.054,5,62.2
col_net,14.667,TanhLayer,TanhLayer,0.188888888889,0.054,5,63.4
class_net,26.866,TanhLayer,TanhLayer,0.188888888889,0.054,6,71.1
row_net,18.667,TanhLayer,TanhLayer,0.188888888889,0.054,6,72.7
col_net,25.333,TanhLayer,TanhLayer,0.188888888889,0.054,6,74.0
class_net,24.378,TanhLayer,TanhLayer,0.188888888889,0.054,7,81.1
row_net,12.667,TanhLayer,TanhLayer,0.188888888889,0.054,7,82.8
col_net,18.000,TanhLayer,TanhLayer,0.188888888889,0.054,7,84.0
class_net,28.358,TanhLayer,TanhLayer,0.188888888889,0.054,8,92.2
row_net,18.667,TanhLayer,TanhLayer,0.188888888889,0.054,8,93.9
col_net,15.333,TanhLayer,TanhLayer,0.188888888889,0.054,8,95.1
class_net,23.383,TanhLayer,TanhLayer,0.188888888889,0.054,9,103.8
row_net,16.000,TanhLayer,TanhLayer,0.188888888889,0.054,9,105.5
col_net,18.667,TanhLayer,TanhLayer,0.188888888889,0.054,9,106.8
class_net,26.866,TanhLayer,TanhLayer,0.188888888889,0.054,10,113.9
row_net,18.000,TanhLayer,TanhLayer,0.188888888889,0.054,10,115.6
col_net,20.667,TanhLayer,TanhLayer,0.188888888889,0.054,10,116.9
class_net,25.373,TanhLayer,TanhLayer,0.188888888889,0.063,5,60.6
row_net,12.000,TanhLayer,TanhLayer,0.188888888889,0.063,5,62.3
col_net,16.000,TanhLayer,TanhLayer,0.188888888889,0.063,5,63.5
class_net,26.368,TanhLayer,TanhLayer,0.188888888889,0.063,6,70.4
row_net,16.667,TanhLayer,TanhLayer,0.188888888889,0.063,6,72.1
col_net,18.000,TanhLayer,TanhLayer,0.188888888889,0.063,6,73.4
class_net,28.856,TanhLayer,TanhLayer,0.188888888889,0.063,7,81.4
row_net,18.667,TanhLayer,TanhLayer,0.188888888889,0.063,7,83.1
col_net,11.333,TanhLayer,TanhLayer,0.188888888889,0.063,7,84.4
class_net,28.358,TanhLayer,TanhLayer,0.188888888889,0.063,8,91.0
row_net,17.333,TanhLayer,TanhLayer,0.188888888889,0.063,8,92.7
col_net,22.000,TanhLayer,TanhLayer,0.188888888889,0.063,8,94.0
class_net,24.876,TanhLayer,TanhLayer,0.188888888889,0.063,9,103.3
row_net,14.000,TanhLayer,TanhLayer,0.188888888889,0.063,9,105.0
col_net,16.667,TanhLayer,TanhLayer,0.188888888889,0.063,9,106.3
class_net,28.856,TanhLayer,TanhLayer,0.188888888889,0.063,10,113.5
row_net,14.000,TanhLayer,TanhLayer,0.188888888889,0.063,10,115.2
col_net,15.333,TanhLayer,TanhLayer,0.188888888889,0.063,10,116.5
class_net,27.363,TanhLayer,TanhLayer,0.188888888889,0.072,5,60.1
row_net,18.667,TanhLayer,TanhLayer,0.188888888889,0.072,5,61.8
col_net,12.667,TanhLayer,TanhLayer,0.188888888889,0.072,5,63.0
class_net,26.866,TanhLayer,TanhLayer,0.188888888889,0.072,6,71.0
row_net,19.333,TanhLayer,TanhLayer,0.188888888889,0.072,6,72.6
col_net,14.667,TanhLayer,TanhLayer,0.188888888889,0.072,6,73.9
class_net,23.881,TanhLayer,TanhLayer,0.188888888889,0.072,7,81.4
row_net,14.667,TanhLayer,TanhLayer,0.188888888889,0.072,7,83.1
col_net,16.667,TanhLayer,TanhLayer,0.188888888889,0.072,7,84.4
class_net,21.891,TanhLayer,TanhLayer,0.188888888889,0.072,8,93.1
row_net,19.333,TanhLayer,TanhLayer,0.188888888889,0.072,8,94.8
col_net,14.667,TanhLayer,TanhLayer,0.188888888889,0.072,8,96.0
class_net,20.896,TanhLayer,TanhLayer,0.188888888889,0.072,9,103.3
row_net,14.667,TanhLayer,TanhLayer,0.188888888889,0.072,9,105.0
col_net,25.333,TanhLayer,TanhLayer,0.188888888889,0.072,9,106.3
class_net,19.900,TanhLayer,TanhLayer,0.188888888889,0.072,10,113.8
row_net,17.333,TanhLayer,TanhLayer,0.188888888889,0.072,10,115.5
col_net,24.000,TanhLayer,TanhLayer,0.188888888889,0.072,10,116.8
class_net,25.871,TanhLayer,TanhLayer,0.188888888889,0.081,5,60.4
row_net,18.667,TanhLayer,TanhLayer,0.188888888889,0.081,5,62.1
col_net,10.667,TanhLayer,TanhLayer,0.188888888889,0.081,5,63.3
class_net,26.368,TanhLayer,TanhLayer,0.188888888889,0.081,6,70.5
row_net,14.667,TanhLayer,TanhLayer,0.188888888889,0.081,6,72.2
col_net,16.667,TanhLayer,TanhLayer,0.188888888889,0.081,6,73.5
class_net,24.378,TanhLayer,TanhLayer,0.188888888889,0.081,7,79.8
row_net,14.667,TanhLayer,TanhLayer,0.188888888889,0.081,7,81.5
col_net,10.667,TanhLayer,TanhLayer,0.188888888889,0.081,7,82.8
class_net,24.876,TanhLayer,TanhLayer,0.188888888889,0.081,8,89.3
row_net,15.333,TanhLayer,TanhLayer,0.188888888889,0.081,8,91.5
col_net,20.667,TanhLayer,TanhLayer,0.188888888889,0.081,8,93.2
class_net,25.871,TanhLayer,TanhLayer,0.188888888889,0.081,9,102.7
row_net,12.000,TanhLayer,TanhLayer,0.188888888889,0.081,9,104.4
col_net,14.000,TanhLayer,TanhLayer,0.188888888889,0.081,9,105.7
class_net,25.871,TanhLayer,TanhLayer,0.188888888889,0.081,10,114.4
row_net,12.000,TanhLayer,TanhLayer,0.188888888889,0.081,10,116.1
col_net,22.667,TanhLayer,TanhLayer,0.188888888889,0.081,10,117.4
class_net,26.866,TanhLayer,TanhLayer,0.188888888889,0.090,5,60.0
row_net,16.667,TanhLayer,TanhLayer,0.188888888889,0.090,5,61.6
col_net,14.000,TanhLayer,TanhLayer,0.188888888889,0.090,5,62.8
class_net,26.368,TanhLayer,TanhLayer,0.188888888889,0.090,6,70.7
row_net,12.000,TanhLayer,TanhLayer,0.188888888889,0.090,6,72.8
col_net,24.667,TanhLayer,TanhLayer,0.188888888889,0.090,6,74.0
class_net,25.871,TanhLayer,TanhLayer,0.188888888889,0.090,7,81.5
row_net,14.667,TanhLayer,TanhLayer,0.188888888889,0.090,7,83.2
col_net,15.333,TanhLayer,TanhLayer,0.188888888889,0.090,7,84.5
class_net,28.358,TanhLayer,TanhLayer,0.188888888889,0.090,8,93.1
row_net,15.333,TanhLayer,TanhLayer,0.188888888889,0.090,8,94.8
col_net,20.000,TanhLayer,TanhLayer,0.188888888889,0.090,8,96.0
class_net,27.363,TanhLayer,TanhLayer,0.188888888889,0.090,9,103.1
row_net,15.333,TanhLayer,TanhLayer,0.188888888889,0.090,9,104.8
col_net,24.667,TanhLayer,TanhLayer,0.188888888889,0.090,9,106.1
class_net,24.876,TanhLayer,TanhLayer,0.188888888889,0.090,10,114.9
row_net,17.333,TanhLayer,TanhLayer,0.188888888889,0.090,10,116.6
col_net,10.667,TanhLayer,TanhLayer,0.188888888889,0.090,10,117.9
class_net,28.856,TanhLayer,TanhLayer,0.277777777778,0.010,5,60.8
row_net,17.333,TanhLayer,TanhLayer,0.277777777778,0.010,5,62.4
col_net,24.000,TanhLayer,TanhLayer,0.277777777778,0.010,5,63.7
class_net,22.388,TanhLayer,TanhLayer,0.277777777778,0.010,6,70.1
row_net,23.333,TanhLayer,TanhLayer,0.277777777778,0.010,6,71.8
col_net,23.333,TanhLayer,TanhLayer,0.277777777778,0.010,6,73.1
class_net,25.871,TanhLayer,TanhLayer,0.277777777778,0.010,7,80.6
row_net,14.000,TanhLayer,TanhLayer,0.277777777778,0.010,7,82.3
col_net,11.333,TanhLayer,TanhLayer,0.277777777778,0.010,7,83.5
class_net,24.876,TanhLayer,TanhLayer,0.277777777778,0.010,8,92.4
row_net,15.333,TanhLayer,TanhLayer,0.277777777778,0.010,8,94.1
col_net,16.667,TanhLayer,TanhLayer,0.277777777778,0.010,8,95.4
class_net,24.378,TanhLayer,TanhLayer,0.277777777778,0.010,9,103.2
row_net,18.667,TanhLayer,TanhLayer,0.277777777778,0.010,9,104.9
col_net,24.000,TanhLayer,TanhLayer,0.277777777778,0.010,9,106.2
class_net,24.378,TanhLayer,TanhLayer,0.277777777778,0.010,10,115.4
row_net,20.667,TanhLayer,TanhLayer,0.277777777778,0.010,10,117.1
col_net,14.667,TanhLayer,TanhLayer,0.277777777778,0.010,10,118.4
class_net,23.383,TanhLayer,TanhLayer,0.277777777778,0.019,5,60.1
row_net,18.667,TanhLayer,TanhLayer,0.277777777778,0.019,5,61.7
col_net,24.667,TanhLayer,TanhLayer,0.277777777778,0.019,5,63.0
class_net,24.876,TanhLayer,TanhLayer,0.277777777778,0.019,6,70.8
row_net,13.333,TanhLayer,TanhLayer,0.277777777778,0.019,6,72.4
col_net,24.667,TanhLayer,TanhLayer,0.277777777778,0.019,6,73.7
class_net,29.353,TanhLayer,TanhLayer,0.277777777778,0.019,7,79.5
row_net,20.000,TanhLayer,TanhLayer,0.277777777778,0.019,7,81.2
col_net,21.333,TanhLayer,TanhLayer,0.277777777778,0.019,7,82.5
class_net,25.871,TanhLayer,TanhLayer,0.277777777778,0.019,8,90.0
row_net,18.000,TanhLayer,TanhLayer,0.277777777778,0.019,8,91.7
col_net,18.000,TanhLayer,TanhLayer,0.277777777778,0.019,8,93.0
class_net,24.378,TanhLayer,TanhLayer,0.277777777778,0.019,9,99.0
row_net,13.333,TanhLayer,TanhLayer,0.277777777778,0.019,9,100.7
col_net,10.667,TanhLayer,TanhLayer,0.277777777778,0.019,9,101.9
class_net,25.871,TanhLayer,TanhLayer,0.277777777778,0.019,10,109.2
row_net,16.000,TanhLayer,TanhLayer,0.277777777778,0.019,10,110.9
col_net,20.667,TanhLayer,TanhLayer,0.277777777778,0.019,10,112.2
class_net,28.856,TanhLayer,TanhLayer,0.277777777778,0.028,5,57.8
row_net,19.333,TanhLayer,TanhLayer,0.277777777778,0.028,5,59.5
col_net,22.000,TanhLayer,TanhLayer,0.277777777778,0.028,5,60.7
class_net,24.876,TanhLayer,TanhLayer,0.277777777778,0.028,6,66.7
row_net,16.000,TanhLayer,TanhLayer,0.277777777778,0.028,6,68.3
col_net,18.000,TanhLayer,TanhLayer,0.277777777778,0.028,6,69.5
class_net,26.866,TanhLayer,TanhLayer,0.277777777778,0.028,7,76.1
row_net,16.667,TanhLayer,TanhLayer,0.277777777778,0.028,7,77.8
col_net,8.000,TanhLayer,TanhLayer,0.277777777778,0.028,7,79.0
class_net,24.876,TanhLayer,TanhLayer,0.277777777778,0.028,8,87.5
row_net,13.333,TanhLayer,TanhLayer,0.277777777778,0.028,8,89.2
col_net,18.667,TanhLayer,TanhLayer,0.277777777778,0.028,8,90.5
class_net,21.891,TanhLayer,TanhLayer,0.277777777778,0.028,9,98.3
row_net,16.667,TanhLayer,TanhLayer,0.277777777778,0.028,9,100.0
col_net,14.000,TanhLayer,TanhLayer,0.277777777778,0.028,9,101.3
class_net,24.876,TanhLayer,TanhLayer,0.277777777778,0.028,10,108.5
row_net,17.333,TanhLayer,TanhLayer,0.277777777778,0.028,10,110.2
col_net,18.000,TanhLayer,TanhLayer,0.277777777778,0.028,10,111.5
class_net,23.383,TanhLayer,TanhLayer,0.277777777778,0.037,5,57.3
row_net,16.000,TanhLayer,TanhLayer,0.277777777778,0.037,5,59.0
col_net,15.333,TanhLayer,TanhLayer,0.277777777778,0.037,5,60.2
class_net,23.881,TanhLayer,TanhLayer,0.277777777778,0.037,6,67.5
row_net,14.000,TanhLayer,TanhLayer,0.277777777778,0.037,6,69.2
col_net,16.667,TanhLayer,TanhLayer,0.277777777778,0.037,6,70.4
class_net,24.876,TanhLayer,TanhLayer,0.277777777778,0.037,7,77.3
row_net,18.000,TanhLayer,TanhLayer,0.277777777778,0.037,7,79.0
col_net,18.667,TanhLayer,TanhLayer,0.277777777778,0.037,7,80.2
class_net,30.348,TanhLayer,TanhLayer,0.277777777778,0.037,8,87.9
row_net,14.000,TanhLayer,TanhLayer,0.277777777778,0.037,8,89.6
col_net,15.333,TanhLayer,TanhLayer,0.277777777778,0.037,8,90.8
class_net,21.891,TanhLayer,TanhLayer,0.277777777778,0.037,9,98.7
row_net,16.000,TanhLayer,TanhLayer,0.277777777778,0.037,9,100.4
col_net,8.667,TanhLayer,TanhLayer,0.277777777778,0.037,9,101.6
class_net,20.398,TanhLayer,TanhLayer,0.277777777778,0.037,10,108.3
row_net,14.667,TanhLayer,TanhLayer,0.277777777778,0.037,10,110.0
col_net,15.333,TanhLayer,TanhLayer,0.277777777778,0.037,10,111.3
class_net,24.378,TanhLayer,TanhLayer,0.277777777778,0.046,5,57.2
row_net,15.333,TanhLayer,TanhLayer,0.277777777778,0.046,5,58.9
col_net,10.667,TanhLayer,TanhLayer,0.277777777778,0.046,5,60.1
class_net,24.378,TanhLayer,TanhLayer,0.277777777778,0.046,6,67.4
row_net,14.667,TanhLayer,TanhLayer,0.277777777778,0.046,6,69.0
col_net,11.333,TanhLayer,TanhLayer,0.277777777778,0.046,6,70.3
class_net,23.383,TanhLayer,TanhLayer,0.277777777778,0.046,7,77.1
row_net,13.333,TanhLayer,TanhLayer,0.277777777778,0.046,7,78.8
col_net,10.667,TanhLayer,TanhLayer,0.277777777778,0.046,7,80.0
class_net,22.886,TanhLayer,TanhLayer,0.277777777778,0.046,8,88.1
row_net,14.667,TanhLayer,TanhLayer,0.277777777778,0.046,8,89.8
col_net,22.667,TanhLayer,TanhLayer,0.277777777778,0.046,8,91.0
class_net,22.886,TanhLayer,TanhLayer,0.277777777778,0.046,9,97.8
row_net,17.333,TanhLayer,TanhLayer,0.277777777778,0.046,9,99.5
col_net,20.667,TanhLayer,TanhLayer,0.277777777778,0.046,9,100.8
class_net,22.886,TanhLayer,TanhLayer,0.277777777778,0.046,10,108.8
row_net,16.667,TanhLayer,TanhLayer,0.277777777778,0.046,10,110.5
col_net,24.667,TanhLayer,TanhLayer,0.277777777778,0.046,10,111.8
class_net,24.876,TanhLayer,TanhLayer,0.277777777778,0.054,5,57.1
row_net,14.000,TanhLayer,TanhLayer,0.277777777778,0.054,5,58.8
col_net,12.667,TanhLayer,TanhLayer,0.277777777778,0.054,5,60.0
class_net,24.876,TanhLayer,TanhLayer,0.277777777778,0.054,6,66.6
row_net,14.000,TanhLayer,TanhLayer,0.277777777778,0.054,6,68.2
col_net,16.667,TanhLayer,TanhLayer,0.277777777778,0.054,6,69.5
class_net,24.378,TanhLayer,TanhLayer,0.277777777778,0.054,7,76.8
row_net,10.667,TanhLayer,TanhLayer,0.277777777778,0.054,7,78.4
col_net,22.667,TanhLayer,TanhLayer,0.277777777778,0.054,7,79.7
class_net,27.363,TanhLayer,TanhLayer,0.277777777778,0.054,8,88.3
row_net,15.333,TanhLayer,TanhLayer,0.277777777778,0.054,8,89.9
col_net,17.333,TanhLayer,TanhLayer,0.277777777778,0.054,8,91.2
class_net,24.378,TanhLayer,TanhLayer,0.277777777778,0.054,9,97.4
row_net,16.000,TanhLayer,TanhLayer,0.277777777778,0.054,9,99.2
col_net,10.667,TanhLayer,TanhLayer,0.277777777778,0.054,9,100.4
class_net,25.871,TanhLayer,TanhLayer,0.277777777778,0.054,10,108.6
row_net,22.000,TanhLayer,TanhLayer,0.277777777778,0.054,10,110.4
col_net,20.667,TanhLayer,TanhLayer,0.277777777778,0.054,10,111.7
class_net,22.886,TanhLayer,TanhLayer,0.277777777778,0.063,5,57.7
row_net,20.667,TanhLayer,TanhLayer,0.277777777778,0.063,5,59.3
col_net,16.000,TanhLayer,TanhLayer,0.277777777778,0.063,5,60.6
class_net,23.881,TanhLayer,TanhLayer,0.277777777778,0.063,6,66.1
row_net,14.000,TanhLayer,TanhLayer,0.277777777778,0.063,6,67.7
col_net,19.333,TanhLayer,TanhLayer,0.277777777778,0.063,6,69.0
class_net,24.378,TanhLayer,TanhLayer,0.277777777778,0.063,7,76.5
row_net,16.667,TanhLayer,TanhLayer,0.277777777778,0.063,7,78.2
col_net,20.667,TanhLayer,TanhLayer,0.277777777778,0.063,7,79.4
class_net,21.891,TanhLayer,TanhLayer,0.277777777778,0.063,8,97.5
row_net,12.000,TanhLayer,TanhLayer,0.277777777778,0.063,8,99.2
col_net,10.667,TanhLayer,TanhLayer,0.277777777778,0.063,8,100.4
class_net,24.378,TanhLayer,TanhLayer,0.277777777778,0.063,9,98.1
row_net,18.667,TanhLayer,TanhLayer,0.277777777778,0.063,9,99.8
col_net,10.667,TanhLayer,TanhLayer,0.277777777778,0.063,9,101.0
class_net,26.866,TanhLayer,TanhLayer,0.277777777778,0.063,10,110.7
row_net,15.333,TanhLayer,TanhLayer,0.277777777778,0.063,10,112.4
col_net,24.667,TanhLayer,TanhLayer,0.277777777778,0.063,10,113.7
class_net,24.876,TanhLayer,TanhLayer,0.277777777778,0.072,5,57.4
row_net,18.000,TanhLayer,TanhLayer,0.277777777778,0.072,5,59.1
col_net,12.000,TanhLayer,TanhLayer,0.277777777778,0.072,5,60.3
class_net,26.866,TanhLayer,TanhLayer,0.277777777778,0.072,6,67.1
row_net,18.000,TanhLayer,TanhLayer,0.277777777778,0.072,6,68.9
col_net,22.667,TanhLayer,TanhLayer,0.277777777778,0.072,6,70.1
class_net,25.373,TanhLayer,TanhLayer,0.277777777778,0.072,7,77.5
row_net,18.667,TanhLayer,TanhLayer,0.277777777778,0.072,7,79.2
col_net,10.000,TanhLayer,TanhLayer,0.277777777778,0.072,7,80.4
class_net,25.373,TanhLayer,TanhLayer,0.277777777778,0.072,8,88.9
row_net,16.667,TanhLayer,TanhLayer,0.277777777778,0.072,8,90.5
col_net,18.000,TanhLayer,TanhLayer,0.277777777778,0.072,8,91.8
class_net,24.378,TanhLayer,TanhLayer,0.277777777778,0.072,9,109.3
row_net,14.667,TanhLayer,TanhLayer,0.277777777778,0.072,9,111.0
col_net,15.333,TanhLayer,TanhLayer,0.277777777778,0.072,9,112.2
class_net,23.881,TanhLayer,TanhLayer,0.277777777778,0.072,10,113.7
row_net,18.000,TanhLayer,TanhLayer,0.277777777778,0.072,10,115.4
col_net,24.667,TanhLayer,TanhLayer,0.277777777778,0.072,10,116.6
class_net,27.861,TanhLayer,TanhLayer,0.277777777778,0.081,5,57.4
row_net,15.333,TanhLayer,TanhLayer,0.277777777778,0.081,5,59.1
col_net,16.000,TanhLayer,TanhLayer,0.277777777778,0.081,5,60.3
class_net,26.866,TanhLayer,TanhLayer,0.277777777778,0.081,6,66.4
row_net,16.000,TanhLayer,TanhLayer,0.277777777778,0.081,6,68.1
col_net,20.000,TanhLayer,TanhLayer,0.277777777778,0.081,6,69.3
class_net,23.881,TanhLayer,TanhLayer,0.277777777778,0.081,7,77.0
row_net,12.667,TanhLayer,TanhLayer,0.277777777778,0.081,7,78.7
col_net,24.000,TanhLayer,TanhLayer,0.277777777778,0.081,7,79.9
class_net,24.378,TanhLayer,TanhLayer,0.277777777778,0.081,8,87.8
row_net,13.333,TanhLayer,TanhLayer,0.277777777778,0.081,8,89.5
col_net,10.000,TanhLayer,TanhLayer,0.277777777778,0.081,8,90.7
class_net,26.866,TanhLayer,TanhLayer,0.277777777778,0.081,9,97.4
row_net,17.333,TanhLayer,TanhLayer,0.277777777778,0.081,9,99.0
col_net,10.000,TanhLayer,TanhLayer,0.277777777778,0.081,9,100.3
class_net,22.388,TanhLayer,TanhLayer,0.277777777778,0.081,10,107.8
row_net,16.667,TanhLayer,TanhLayer,0.277777777778,0.081,10,109.5
col_net,24.000,TanhLayer,TanhLayer,0.277777777778,0.081,10,110.7
class_net,22.388,TanhLayer,TanhLayer,0.277777777778,0.090,5,57.3
row_net,12.000,TanhLayer,TanhLayer,0.277777777778,0.090,5,59.0
col_net,10.667,TanhLayer,TanhLayer,0.277777777778,0.090,5,60.2
class_net,22.388,TanhLayer,TanhLayer,0.277777777778,0.090,6,66.0
row_net,16.667,TanhLayer,TanhLayer,0.277777777778,0.090,6,67.7
col_net,19.333,TanhLayer,TanhLayer,0.277777777778,0.090,6,69.0
class_net,23.881,TanhLayer,TanhLayer,0.277777777778,0.090,7,75.7
row_net,18.667,TanhLayer,TanhLayer,0.277777777778,0.090,7,77.4
col_net,24.000,TanhLayer,TanhLayer,0.277777777778,0.090,7,78.6
class_net,22.886,TanhLayer,TanhLayer,0.277777777778,0.090,8,98.3
row_net,19.333,TanhLayer,TanhLayer,0.277777777778,0.090,8,99.9
col_net,24.000,TanhLayer,TanhLayer,0.277777777778,0.090,8,101.2
class_net,24.876,TanhLayer,TanhLayer,0.277777777778,0.090,9,98.5
row_net,20.000,TanhLayer,TanhLayer,0.277777777778,0.090,9,100.2
col_net,14.000,TanhLayer,TanhLayer,0.277777777778,0.090,9,101.5
class_net,25.373,TanhLayer,TanhLayer,0.277777777778,0.090,10,106.2
row_net,16.000,TanhLayer,TanhLayer,0.277777777778,0.090,10,107.9
col_net,18.667,TanhLayer,TanhLayer,0.277777777778,0.090,10,109.1
class_net,23.383,TanhLayer,TanhLayer,0.366666666667,0.010,5,57.3
row_net,16.000,TanhLayer,TanhLayer,0.366666666667,0.010,5,58.9
col_net,14.000,TanhLayer,TanhLayer,0.366666666667,0.010,5,60.2
class_net,25.373,TanhLayer,TanhLayer,0.366666666667,0.010,6,66.3
row_net,14.000,TanhLayer,TanhLayer,0.366666666667,0.010,6,68.0
col_net,10.667,TanhLayer,TanhLayer,0.366666666667,0.010,6,69.3
class_net,28.856,TanhLayer,TanhLayer,0.366666666667,0.010,7,75.8
row_net,18.000,TanhLayer,TanhLayer,0.366666666667,0.010,7,77.5
col_net,9.333,TanhLayer,TanhLayer,0.366666666667,0.010,7,78.8
class_net,24.876,TanhLayer,TanhLayer,0.366666666667,0.010,8,86.7
row_net,19.333,TanhLayer,TanhLayer,0.366666666667,0.010,8,88.4
col_net,11.333,TanhLayer,TanhLayer,0.366666666667,0.010,8,89.6
class_net,29.851,TanhLayer,TanhLayer,0.366666666667,0.010,9,97.1
row_net,14.000,TanhLayer,TanhLayer,0.366666666667,0.010,9,98.8
col_net,16.667,TanhLayer,TanhLayer,0.366666666667,0.010,9,100.0
class_net,25.373,TanhLayer,TanhLayer,0.366666666667,0.010,10,115.2
row_net,20.667,TanhLayer,TanhLayer,0.366666666667,0.010,10,116.9
col_net,18.000,TanhLayer,TanhLayer,0.366666666667,0.010,10,118.2
class_net,24.876,TanhLayer,TanhLayer,0.366666666667,0.019,5,57.0
row_net,14.000,TanhLayer,TanhLayer,0.366666666667,0.019,5,58.6
col_net,25.333,TanhLayer,TanhLayer,0.366666666667,0.019,5,59.9
class_net,20.398,TanhLayer,TanhLayer,0.366666666667,0.019,6,65.2
row_net,16.667,TanhLayer,TanhLayer,0.366666666667,0.019,6,67.3
col_net,10.667,TanhLayer,TanhLayer,0.366666666667,0.019,6,68.5
class_net,26.866,TanhLayer,TanhLayer,0.366666666667,0.019,7,76.8
row_net,18.000,TanhLayer,TanhLayer,0.366666666667,0.019,7,78.5
col_net,17.333,TanhLayer,TanhLayer,0.366666666667,0.019,7,79.7
class_net,25.871,TanhLayer,TanhLayer,0.366666666667,0.019,8,95.0
row_net,15.333,TanhLayer,TanhLayer,0.366666666667,0.019,8,96.7
col_net,18.000,TanhLayer,TanhLayer,0.366666666667,0.019,8,98.0
class_net,24.378,TanhLayer,TanhLayer,0.366666666667,0.019,9,98.3
row_net,20.000,TanhLayer,TanhLayer,0.366666666667,0.019,9,100.0
col_net,10.667,TanhLayer,TanhLayer,0.366666666667,0.019,9,101.3
class_net,25.871,TanhLayer,TanhLayer,0.366666666667,0.019,10,107.1
row_net,14.667,TanhLayer,TanhLayer,0.366666666667,0.019,10,108.8
col_net,20.000,TanhLayer,TanhLayer,0.366666666667,0.019,10,110.1
class_net,25.373,TanhLayer,TanhLayer,0.366666666667,0.028,5,57.1
row_net,14.000,TanhLayer,TanhLayer,0.366666666667,0.028,5,58.7
col_net,24.667,TanhLayer,TanhLayer,0.366666666667,0.028,5,59.9
class_net,26.368,TanhLayer,TanhLayer,0.366666666667,0.028,6,66.7
row_net,16.667,TanhLayer,TanhLayer,0.366666666667,0.028,6,68.3
col_net,14.000,TanhLayer,TanhLayer,0.366666666667,0.028,6,69.6
class_net,25.871,TanhLayer,TanhLayer,0.366666666667,0.028,7,76.3
row_net,13.333,TanhLayer,TanhLayer,0.366666666667,0.028,7,78.0
col_net,24.667,TanhLayer,TanhLayer,0.366666666667,0.028,7,79.3
class_net,25.871,TanhLayer,TanhLayer,0.366666666667,0.028,8,87.3
row_net,14.667,TanhLayer,TanhLayer,0.366666666667,0.028,8,89.0
col_net,12.667,TanhLayer,TanhLayer,0.366666666667,0.028,8,90.3
class_net,24.876,TanhLayer,TanhLayer,0.366666666667,0.028,9,106.7
row_net,14.000,TanhLayer,TanhLayer,0.366666666667,0.028,9,108.4
col_net,22.667,TanhLayer,TanhLayer,0.366666666667,0.028,9,109.6
class_net,26.368,TanhLayer,TanhLayer,0.366666666667,0.028,10,107.2
row_net,13.333,TanhLayer,TanhLayer,0.366666666667,0.028,10,108.9
col_net,24.000,TanhLayer,TanhLayer,0.366666666667,0.028,10,110.2
class_net,27.861,TanhLayer,TanhLayer,0.366666666667,0.037,5,57.0
row_net,14.000,TanhLayer,TanhLayer,0.366666666667,0.037,5,58.7
col_net,14.000,TanhLayer,TanhLayer,0.366666666667,0.037,5,59.9
class_net,24.876,TanhLayer,TanhLayer,0.366666666667,0.037,6,66.1
row_net,18.667,TanhLayer,TanhLayer,0.366666666667,0.037,6,67.8
col_net,17.333,TanhLayer,TanhLayer,0.366666666667,0.037,6,69.0
class_net,27.363,TanhLayer,TanhLayer,0.366666666667,0.037,7,76.3
row_net,8.667,TanhLayer,TanhLayer,0.366666666667,0.037,7,78.0
col_net,24.000,TanhLayer,TanhLayer,0.366666666667,0.037,7,79.3
class_net,24.378,TanhLayer,TanhLayer,0.366666666667,0.037,8,87.9
row_net,21.333,TanhLayer,TanhLayer,0.366666666667,0.037,8,89.6
col_net,18.000,TanhLayer,TanhLayer,0.366666666667,0.037,8,90.9
class_net,26.866,TanhLayer,TanhLayer,0.366666666667,0.037,9,98.1
row_net,16.000,TanhLayer,TanhLayer,0.366666666667,0.037,9,99.9
col_net,22.000,TanhLayer,TanhLayer,0.366666666667,0.037,9,101.1
class_net,25.373,TanhLayer,TanhLayer,0.366666666667,0.037,10,107.6
row_net,13.333,TanhLayer,TanhLayer,0.366666666667,0.037,10,109.3
col_net,12.667,TanhLayer,TanhLayer,0.366666666667,0.037,10,110.6
class_net,26.368,TanhLayer,TanhLayer,0.366666666667,0.046,5,57.2
row_net,15.333,TanhLayer,TanhLayer,0.366666666667,0.046,5,58.9
col_net,16.000,TanhLayer,TanhLayer,0.366666666667,0.046,5,60.1
class_net,24.876,TanhLayer,TanhLayer,0.366666666667,0.046,6,66.4
row_net,18.667,TanhLayer,TanhLayer,0.366666666667,0.046,6,68.0
col_net,24.000,TanhLayer,TanhLayer,0.366666666667,0.046,6,69.2
class_net,23.881,TanhLayer,TanhLayer,0.366666666667,0.046,7,86.1
row_net,16.667,TanhLayer,TanhLayer,0.366666666667,0.046,7,88.2
col_net,16.667,TanhLayer,TanhLayer,0.366666666667,0.046,7,89.4
class_net,27.363,TanhLayer,TanhLayer,0.366666666667,0.046,8,87.5
row_net,16.667,TanhLayer,TanhLayer,0.366666666667,0.046,8,89.2
col_net,20.667,TanhLayer,TanhLayer,0.366666666667,0.046,8,90.5
class_net,22.886,TanhLayer,TanhLayer,0.366666666667,0.046,9,97.6
row_net,16.000,TanhLayer,TanhLayer,0.366666666667,0.046,9,99.3
col_net,19.333,TanhLayer,TanhLayer,0.366666666667,0.046,9,100.6
class_net,19.900,TanhLayer,TanhLayer,0.366666666667,0.046,10,107.8
row_net,16.000,TanhLayer,TanhLayer,0.366666666667,0.046,10,109.5
col_net,16.000,TanhLayer,TanhLayer,0.366666666667,0.046,10,110.8
class_net,25.373,TanhLayer,TanhLayer,0.366666666667,0.054,5,56.8
row_net,15.333,TanhLayer,TanhLayer,0.366666666667,0.054,5,58.4
col_net,16.667,TanhLayer,TanhLayer,0.366666666667,0.054,5,59.6
class_net,23.881,TanhLayer,TanhLayer,0.366666666667,0.054,6,66.9
row_net,18.000,TanhLayer,TanhLayer,0.366666666667,0.054,6,68.5
col_net,24.000,TanhLayer,TanhLayer,0.366666666667,0.054,6,69.7
class_net,27.363,TanhLayer,TanhLayer,0.366666666667,0.054,7,76.1
row_net,13.333,TanhLayer,TanhLayer,0.366666666667,0.054,7,78.9
col_net,14.667,TanhLayer,TanhLayer,0.366666666667,0.054,7,81.8
class_net,24.876,TanhLayer,TanhLayer,0.366666666667,0.054,8,91.6
row_net,17.333,TanhLayer,TanhLayer,0.366666666667,0.054,8,93.3
col_net,17.333,TanhLayer,TanhLayer,0.366666666667,0.054,8,94.5
class_net,26.368,TanhLayer,TanhLayer,0.366666666667,0.054,9,97.4
row_net,17.333,TanhLayer,TanhLayer,0.366666666667,0.054,9,99.1
col_net,12.667,TanhLayer,TanhLayer,0.366666666667,0.054,9,100.4
class_net,23.383,TanhLayer,TanhLayer,0.366666666667,0.054,10,108.2
row_net,12.667,TanhLayer,TanhLayer,0.366666666667,0.054,10,109.9
col_net,10.667,TanhLayer,TanhLayer,0.366666666667,0.054,10,111.2
class_net,29.353,TanhLayer,TanhLayer,0.366666666667,0.063,5,56.8
row_net,16.667,TanhLayer,TanhLayer,0.366666666667,0.063,5,58.5
col_net,15.333,TanhLayer,TanhLayer,0.366666666667,0.063,5,59.8
class_net,24.876,TanhLayer,TanhLayer,0.366666666667,0.063,6,65.8
row_net,18.667,TanhLayer,TanhLayer,0.366666666667,0.063,6,67.4
col_net,24.667,TanhLayer,TanhLayer,0.366666666667,0.063,6,68.7
class_net,24.876,TanhLayer,TanhLayer,0.366666666667,0.063,7,76.0
row_net,18.667,TanhLayer,TanhLayer,0.366666666667,0.063,7,77.7
col_net,10.667,TanhLayer,TanhLayer,0.366666666667,0.063,7,78.9
class_net,26.368,TanhLayer,TanhLayer,0.366666666667,0.063,8,89.1
row_net,19.333,TanhLayer,TanhLayer,0.366666666667,0.063,8,90.7
col_net,14.000,TanhLayer,TanhLayer,0.366666666667,0.063,8,92.0
class_net,25.373,TanhLayer,TanhLayer,0.366666666667,0.063,9,97.8
row_net,15.333,TanhLayer,TanhLayer,0.366666666667,0.063,9,99.5
col_net,10.667,TanhLayer,TanhLayer,0.366666666667,0.063,9,100.8
class_net,24.378,TanhLayer,TanhLayer,0.366666666667,0.063,10,108.1
row_net,15.333,TanhLayer,TanhLayer,0.366666666667,0.063,10,109.8
col_net,20.000,TanhLayer,TanhLayer,0.366666666667,0.063,10,111.1
class_net,22.388,TanhLayer,TanhLayer,0.366666666667,0.072,5,57.4
row_net,17.333,TanhLayer,TanhLayer,0.366666666667,0.072,5,59.0
col_net,16.667,TanhLayer,TanhLayer,0.366666666667,0.072,5,60.3
class_net,26.368,TanhLayer,TanhLayer,0.366666666667,0.072,6,67.0
row_net,12.667,TanhLayer,TanhLayer,0.366666666667,0.072,6,68.6
col_net,24.667,TanhLayer,TanhLayer,0.366666666667,0.072,6,69.9
class_net,23.881,TanhLayer,TanhLayer,0.366666666667,0.072,7,75.9
row_net,13.333,TanhLayer,TanhLayer,0.366666666667,0.072,7,77.6
col_net,15.333,TanhLayer,TanhLayer,0.366666666667,0.072,7,78.8
class_net,26.368,TanhLayer,TanhLayer,0.366666666667,0.072,8,88.5
row_net,14.000,TanhLayer,TanhLayer,0.366666666667,0.072,8,90.2
col_net,17.333,TanhLayer,TanhLayer,0.366666666667,0.072,8,91.4
class_net,30.348,TanhLayer,TanhLayer,0.366666666667,0.072,9,97.5
row_net,15.333,TanhLayer,TanhLayer,0.366666666667,0.072,9,99.2
col_net,17.333,TanhLayer,TanhLayer,0.366666666667,0.072,9,100.5
class_net,24.876,TanhLayer,TanhLayer,0.366666666667,0.072,10,108.5
row_net,16.667,TanhLayer,TanhLayer,0.366666666667,0.072,10,110.2
col_net,11.333,TanhLayer,TanhLayer,0.366666666667,0.072,10,111.5
class_net,27.861,TanhLayer,TanhLayer,0.366666666667,0.081,5,57.1
row_net,14.667,TanhLayer,TanhLayer,0.366666666667,0.081,5,58.8
col_net,22.000,TanhLayer,TanhLayer,0.366666666667,0.081,5,60.0
class_net,23.383,TanhLayer,TanhLayer,0.366666666667,0.081,6,67.6
row_net,12.667,TanhLayer,TanhLayer,0.366666666667,0.081,6,69.3
col_net,24.667,TanhLayer,TanhLayer,0.366666666667,0.081,6,70.5
class_net,24.378,TanhLayer,TanhLayer,0.366666666667,0.081,7,77.4
row_net,18.667,TanhLayer,TanhLayer,0.366666666667,0.081,7,79.1
col_net,20.667,TanhLayer,TanhLayer,0.366666666667,0.081,7,80.3
class_net,26.368,TanhLayer,TanhLayer,0.366666666667,0.081,8,87.0
row_net,19.333,TanhLayer,TanhLayer,0.366666666667,0.081,8,88.7
col_net,18.000,TanhLayer,TanhLayer,0.366666666667,0.081,8,90.0
class_net,24.378,TanhLayer,TanhLayer,0.366666666667,0.081,9,97.7
row_net,18.667,TanhLayer,TanhLayer,0.366666666667,0.081,9,99.5
col_net,18.667,TanhLayer,TanhLayer,0.366666666667,0.081,9,100.8
class_net,25.373,TanhLayer,TanhLayer,0.366666666667,0.081,10,108.9
row_net,19.333,TanhLayer,TanhLayer,0.366666666667,0.081,10,110.6
col_net,13.333,TanhLayer,TanhLayer,0.366666666667,0.081,10,111.9
class_net,19.403,TanhLayer,TanhLayer,0.366666666667,0.090,5,57.8
row_net,15.333,TanhLayer,TanhLayer,0.366666666667,0.090,5,59.4
col_net,24.667,TanhLayer,TanhLayer,0.366666666667,0.090,5,60.7
class_net,20.896,TanhLayer,TanhLayer,0.366666666667,0.090,6,66.5
row_net,16.000,TanhLayer,TanhLayer,0.366666666667,0.090,6,68.2
col_net,24.000,TanhLayer,TanhLayer,0.366666666667,0.090,6,69.4
class_net,23.881,TanhLayer,TanhLayer,0.366666666667,0.090,7,78.2
row_net,15.333,TanhLayer,TanhLayer,0.366666666667,0.090,7,79.9
col_net,16.667,TanhLayer,TanhLayer,0.366666666667,0.090,7,81.1
class_net,23.881,TanhLayer,TanhLayer,0.366666666667,0.090,8,87.6
row_net,12.667,TanhLayer,TanhLayer,0.366666666667,0.090,8,89.3
col_net,14.667,TanhLayer,TanhLayer,0.366666666667,0.090,8,90.6
class_net,25.373,TanhLayer,TanhLayer,0.366666666667,0.090,9,96.7
row_net,16.667,TanhLayer,TanhLayer,0.366666666667,0.090,9,98.4
col_net,14.000,TanhLayer,TanhLayer,0.366666666667,0.090,9,99.6
class_net,24.876,TanhLayer,TanhLayer,0.366666666667,0.090,10,107.5
row_net,18.000,TanhLayer,TanhLayer,0.366666666667,0.090,10,109.2
col_net,16.667,TanhLayer,TanhLayer,0.366666666667,0.090,10,110.4
class_net,24.876,TanhLayer,TanhLayer,0.455555555556,0.010,5,57.0
row_net,18.000,TanhLayer,TanhLayer,0.455555555556,0.010,5,58.7
col_net,24.667,TanhLayer,TanhLayer,0.455555555556,0.010,5,59.9
class_net,25.373,TanhLayer,TanhLayer,0.455555555556,0.010,6,66.5
row_net,17.333,TanhLayer,TanhLayer,0.455555555556,0.010,6,68.2
col_net,11.333,TanhLayer,TanhLayer,0.455555555556,0.010,6,69.5
class_net,23.881,TanhLayer,TanhLayer,0.455555555556,0.010,7,77.7
row_net,14.000,TanhLayer,TanhLayer,0.455555555556,0.010,7,79.4
col_net,11.333,TanhLayer,TanhLayer,0.455555555556,0.010,7,80.6
class_net,23.881,TanhLayer,TanhLayer,0.455555555556,0.010,8,87.2
row_net,15.333,TanhLayer,TanhLayer,0.455555555556,0.010,8,88.9
col_net,16.000,TanhLayer,TanhLayer,0.455555555556,0.010,8,90.1
class_net,24.876,TanhLayer,TanhLayer,0.455555555556,0.010,9,98.1
row_net,13.333,TanhLayer,TanhLayer,0.455555555556,0.010,9,99.8
col_net,24.667,TanhLayer,TanhLayer,0.455555555556,0.010,9,101.1
class_net,29.353,TanhLayer,TanhLayer,0.455555555556,0.010,10,107.9
row_net,15.333,TanhLayer,TanhLayer,0.455555555556,0.010,10,109.6
col_net,22.000,TanhLayer,TanhLayer,0.455555555556,0.010,10,110.8
class_net,22.886,TanhLayer,TanhLayer,0.455555555556,0.019,5,58.3
row_net,19.333,TanhLayer,TanhLayer,0.455555555556,0.019,5,60.0
col_net,24.667,TanhLayer,TanhLayer,0.455555555556,0.019,5,61.2
class_net,22.886,TanhLayer,TanhLayer,0.455555555556,0.019,6,68.0
row_net,20.000,TanhLayer,TanhLayer,0.455555555556,0.019,6,69.7
col_net,24.667,TanhLayer,TanhLayer,0.455555555556,0.019,6,71.0
class_net,25.373,TanhLayer,TanhLayer,0.455555555556,0.019,7,76.5
row_net,19.333,TanhLayer,TanhLayer,0.455555555556,0.019,7,78.2
col_net,14.667,TanhLayer,TanhLayer,0.455555555556,0.019,7,79.4
class_net,24.876,TanhLayer,TanhLayer,0.455555555556,0.019,8,86.9
row_net,18.667,TanhLayer,TanhLayer,0.455555555556,0.019,8,88.5
col_net,18.000,TanhLayer,TanhLayer,0.455555555556,0.019,8,89.8
class_net,21.891,TanhLayer,TanhLayer,0.455555555556,0.019,9,99.9
row_net,23.333,TanhLayer,TanhLayer,0.455555555556,0.019,9,101.6
col_net,22.000,TanhLayer,TanhLayer,0.455555555556,0.019,9,102.9
class_net,29.353,TanhLayer,TanhLayer,0.455555555556,0.019,10,107.6
row_net,12.000,TanhLayer,TanhLayer,0.455555555556,0.019,10,109.3
col_net,16.667,TanhLayer,TanhLayer,0.455555555556,0.019,10,110.6
class_net,26.866,TanhLayer,TanhLayer,0.455555555556,0.028,5,57.5
row_net,12.667,TanhLayer,TanhLayer,0.455555555556,0.028,5,59.1
col_net,11.333,TanhLayer,TanhLayer,0.455555555556,0.028,5,60.3
class_net,23.881,TanhLayer,TanhLayer,0.455555555556,0.028,6,67.4
row_net,14.000,TanhLayer,TanhLayer,0.455555555556,0.028,6,69.0
col_net,16.667,TanhLayer,TanhLayer,0.455555555556,0.028,6,70.3
class_net,23.881,TanhLayer,TanhLayer,0.455555555556,0.028,7,76.3
row_net,18.667,TanhLayer,TanhLayer,0.455555555556,0.028,7,78.0
col_net,22.000,TanhLayer,TanhLayer,0.455555555556,0.028,7,79.3
class_net,24.876,TanhLayer,TanhLayer,0.455555555556,0.028,8,87.7
row_net,14.000,TanhLayer,TanhLayer,0.455555555556,0.028,8,89.4
col_net,10.667,TanhLayer,TanhLayer,0.455555555556,0.028,8,90.7
class_net,23.881,TanhLayer,TanhLayer,0.455555555556,0.028,9,98.4
row_net,13.333,TanhLayer,TanhLayer,0.455555555556,0.028,9,100.1
col_net,22.667,TanhLayer,TanhLayer,0.455555555556,0.028,9,101.4
class_net,25.373,TanhLayer,TanhLayer,0.455555555556,0.028,10,108.0
row_net,19.333,TanhLayer,TanhLayer,0.455555555556,0.028,10,109.7
col_net,11.333,TanhLayer,TanhLayer,0.455555555556,0.028,10,111.0
class_net,26.368,TanhLayer,TanhLayer,0.455555555556,0.037,5,55.8
row_net,19.333,TanhLayer,TanhLayer,0.455555555556,0.037,5,59.0
col_net,13.333,TanhLayer,TanhLayer,0.455555555556,0.037,5,61.8
class_net,22.886,TanhLayer,TanhLayer,0.455555555556,0.037,6,71.6
row_net,14.667,TanhLayer,TanhLayer,0.455555555556,0.037,6,73.2
col_net,15.333,TanhLayer,TanhLayer,0.455555555556,0.037,6,74.4
class_net,27.861,TanhLayer,TanhLayer,0.455555555556,0.037,7,77.2
row_net,16.000,TanhLayer,TanhLayer,0.455555555556,0.037,7,78.9
col_net,16.667,TanhLayer,TanhLayer,0.455555555556,0.037,7,80.2
class_net,23.881,TanhLayer,TanhLayer,0.455555555556,0.037,8,98.4
row_net,10.667,TanhLayer,TanhLayer,0.455555555556,0.037,8,100.1
col_net,14.000,TanhLayer,TanhLayer,0.455555555556,0.037,8,101.4
class_net,24.876,TanhLayer,TanhLayer,0.455555555556,0.037,9,102.4
row_net,14.667,TanhLayer,TanhLayer,0.455555555556,0.037,9,104.2
col_net,16.667,TanhLayer,TanhLayer,0.455555555556,0.037,9,105.4
class_net,25.871,TanhLayer,TanhLayer,0.455555555556,0.037,10,109.3
row_net,16.667,TanhLayer,TanhLayer,0.455555555556,0.037,10,111.0
col_net,10.000,TanhLayer,TanhLayer,0.455555555556,0.037,10,112.2
class_net,23.881,TanhLayer,TanhLayer,0.455555555556,0.046,5,57.7
row_net,14.000,TanhLayer,TanhLayer,0.455555555556,0.046,5,59.3
col_net,21.333,TanhLayer,TanhLayer,0.455555555556,0.046,5,60.6
class_net,26.368,TanhLayer,TanhLayer,0.455555555556,0.046,6,67.7
row_net,16.667,TanhLayer,TanhLayer,0.455555555556,0.046,6,69.4
col_net,16.667,TanhLayer,TanhLayer,0.455555555556,0.046,6,70.6
class_net,23.881,TanhLayer,TanhLayer,0.455555555556,0.046,7,76.7
row_net,16.667,TanhLayer,TanhLayer,0.455555555556,0.046,7,78.4
col_net,10.667,TanhLayer,TanhLayer,0.455555555556,0.046,7,79.6
class_net,24.378,TanhLayer,TanhLayer,0.455555555556,0.046,8,87.1
row_net,15.333,TanhLayer,TanhLayer,0.455555555556,0.046,8,88.8
col_net,14.667,TanhLayer,TanhLayer,0.455555555556,0.046,8,90.1
class_net,23.881,TanhLayer,TanhLayer,0.455555555556,0.046,9,99.1
row_net,12.667,TanhLayer,TanhLayer,0.455555555556,0.046,9,100.8
col_net,18.667,TanhLayer,TanhLayer,0.455555555556,0.046,9,102.1
class_net,24.378,TanhLayer,TanhLayer,0.455555555556,0.046,10,108.2
row_net,16.667,TanhLayer,TanhLayer,0.455555555556,0.046,10,109.9
col_net,20.667,TanhLayer,TanhLayer,0.455555555556,0.046,10,111.2
class_net,24.876,TanhLayer,TanhLayer,0.455555555556,0.054,5,58.1
row_net,14.000,TanhLayer,TanhLayer,0.455555555556,0.054,5,59.7
col_net,16.667,TanhLayer,TanhLayer,0.455555555556,0.054,5,61.0
class_net,25.871,TanhLayer,TanhLayer,0.455555555556,0.054,6,66.8
row_net,18.000,TanhLayer,TanhLayer,0.455555555556,0.054,6,68.4
col_net,12.667,TanhLayer,TanhLayer,0.455555555556,0.054,6,69.6
class_net,23.881,TanhLayer,TanhLayer,0.455555555556,0.054,7,77.4
row_net,21.333,TanhLayer,TanhLayer,0.455555555556,0.054,7,79.1
col_net,16.667,TanhLayer,TanhLayer,0.455555555556,0.054,7,80.4
class_net,24.378,TanhLayer,TanhLayer,0.455555555556,0.054,8,88.1
row_net,18.000,TanhLayer,TanhLayer,0.455555555556,0.054,8,89.8
col_net,16.667,TanhLayer,TanhLayer,0.455555555556,0.054,8,91.0
class_net,24.378,TanhLayer,TanhLayer,0.455555555556,0.054,9,100.5
row_net,15.333,TanhLayer,TanhLayer,0.455555555556,0.054,9,102.3
col_net,18.000,TanhLayer,TanhLayer,0.455555555556,0.054,9,103.5
class_net,24.876,TanhLayer,TanhLayer,0.455555555556,0.054,10,107.5
row_net,18.000,TanhLayer,TanhLayer,0.455555555556,0.054,10,109.2
col_net,15.333,TanhLayer,TanhLayer,0.455555555556,0.054,10,110.5
class_net,24.876,TanhLayer,TanhLayer,0.455555555556,0.063,5,57.4
row_net,17.333,TanhLayer,TanhLayer,0.455555555556,0.063,5,59.1
col_net,18.000,TanhLayer,TanhLayer,0.455555555556,0.063,5,60.3
class_net,27.861,TanhLayer,TanhLayer,0.455555555556,0.063,6,66.2
row_net,13.333,TanhLayer,TanhLayer,0.455555555556,0.063,6,68.1
col_net,16.667,TanhLayer,TanhLayer,0.455555555556,0.063,6,69.3
class_net,21.891,TanhLayer,TanhLayer,0.455555555556,0.063,7,76.4
row_net,15.333,TanhLayer,TanhLayer,0.455555555556,0.063,7,78.1
col_net,11.333,TanhLayer,TanhLayer,0.455555555556,0.063,7,79.3
class_net,24.378,TanhLayer,TanhLayer,0.455555555556,0.063,8,89.0
row_net,14.000,TanhLayer,TanhLayer,0.455555555556,0.063,8,90.6
col_net,16.000,TanhLayer,TanhLayer,0.455555555556,0.063,8,91.9
class_net,23.383,TanhLayer,TanhLayer,0.455555555556,0.063,9,98.2
row_net,14.000,TanhLayer,TanhLayer,0.455555555556,0.063,9,100.0
col_net,18.667,TanhLayer,TanhLayer,0.455555555556,0.063,9,101.3
class_net,26.866,TanhLayer,TanhLayer,0.455555555556,0.063,10,107.8
row_net,18.000,TanhLayer,TanhLayer,0.455555555556,0.063,10,109.5
col_net,14.667,TanhLayer,TanhLayer,0.455555555556,0.063,10,110.8
class_net,25.871,TanhLayer,TanhLayer,0.455555555556,0.072,5,56.9
row_net,16.667,TanhLayer,TanhLayer,0.455555555556,0.072,5,58.5
col_net,10.000,TanhLayer,TanhLayer,0.455555555556,0.072,5,59.8
class_net,22.886,TanhLayer,TanhLayer,0.455555555556,0.072,6,66.4
row_net,14.000,TanhLayer,TanhLayer,0.455555555556,0.072,6,68.6
col_net,14.667,TanhLayer,TanhLayer,0.455555555556,0.072,6,69.8
class_net,24.378,TanhLayer,TanhLayer,0.455555555556,0.072,7,75.6
row_net,15.333,TanhLayer,TanhLayer,0.455555555556,0.072,7,77.3
col_net,16.000,TanhLayer,TanhLayer,0.455555555556,0.072,7,78.5
class_net,22.886,TanhLayer,TanhLayer,0.455555555556,0.072,8,87.9
row_net,14.667,TanhLayer,TanhLayer,0.455555555556,0.072,8,89.6
col_net,24.667,TanhLayer,TanhLayer,0.455555555556,0.072,8,90.9
class_net,25.871,TanhLayer,TanhLayer,0.455555555556,0.072,9,96.5
row_net,19.333,TanhLayer,TanhLayer,0.455555555556,0.072,9,98.3
col_net,16.667,TanhLayer,TanhLayer,0.455555555556,0.072,9,99.6
class_net,26.368,TanhLayer,TanhLayer,0.455555555556,0.072,10,108.1
row_net,16.000,TanhLayer,TanhLayer,0.455555555556,0.072,10,109.8
col_net,18.667,TanhLayer,TanhLayer,0.455555555556,0.072,10,111.1
class_net,27.861,TanhLayer,TanhLayer,0.455555555556,0.081,5,58.1
row_net,15.333,TanhLayer,TanhLayer,0.455555555556,0.081,5,59.7
col_net,16.667,TanhLayer,TanhLayer,0.455555555556,0.081,5,61.0
class_net,26.368,TanhLayer,TanhLayer,0.455555555556,0.081,6,66.9
row_net,13.333,TanhLayer,TanhLayer,0.455555555556,0.081,6,68.6
col_net,16.667,TanhLayer,TanhLayer,0.455555555556,0.081,6,69.8
class_net,23.881,TanhLayer,TanhLayer,0.455555555556,0.081,7,76.5
row_net,11.333,TanhLayer,TanhLayer,0.455555555556,0.081,7,78.2
col_net,20.667,TanhLayer,TanhLayer,0.455555555556,0.081,7,79.5
class_net,21.393,TanhLayer,TanhLayer,0.455555555556,0.081,8,87.4
row_net,15.333,TanhLayer,TanhLayer,0.455555555556,0.081,8,89.1
col_net,25.333,TanhLayer,TanhLayer,0.455555555556,0.081,8,90.3
class_net,28.358,TanhLayer,TanhLayer,0.455555555556,0.081,9,99.0
row_net,14.667,TanhLayer,TanhLayer,0.455555555556,0.081,9,100.6
col_net,10.667,TanhLayer,TanhLayer,0.455555555556,0.081,9,101.9
class_net,27.861,TanhLayer,TanhLayer,0.455555555556,0.081,10,107.5
row_net,20.667,TanhLayer,TanhLayer,0.455555555556,0.081,10,109.3
col_net,26.667,TanhLayer,TanhLayer,0.455555555556,0.081,10,110.6
class_net,22.388,TanhLayer,TanhLayer,0.455555555556,0.090,5,57.7
row_net,16.667,TanhLayer,TanhLayer,0.455555555556,0.090,5,59.4
col_net,15.333,TanhLayer,TanhLayer,0.455555555556,0.090,5,60.6
class_net,23.383,TanhLayer,TanhLayer,0.455555555556,0.090,6,66.4
row_net,14.667,TanhLayer,TanhLayer,0.455555555556,0.090,6,68.1
col_net,24.000,TanhLayer,TanhLayer,0.455555555556,0.090,6,69.4
class_net,22.388,TanhLayer,TanhLayer,0.455555555556,0.090,7,78.0
row_net,16.667,TanhLayer,TanhLayer,0.455555555556,0.090,7,79.6
col_net,9.333,TanhLayer,TanhLayer,0.455555555556,0.090,7,80.9
class_net,25.373,TanhLayer,TanhLayer,0.455555555556,0.090,8,87.8
row_net,9.333,TanhLayer,TanhLayer,0.455555555556,0.090,8,89.5
col_net,12.000,TanhLayer,TanhLayer,0.455555555556,0.090,8,90.7
class_net,25.871,TanhLayer,TanhLayer,0.455555555556,0.090,9,107.7
row_net,12.667,TanhLayer,TanhLayer,0.455555555556,0.090,9,109.4
col_net,19.333,TanhLayer,TanhLayer,0.455555555556,0.090,9,110.6
class_net,25.871,TanhLayer,TanhLayer,0.455555555556,0.090,10,122.5
row_net,21.333,TanhLayer,TanhLayer,0.455555555556,0.090,10,124.2
col_net,20.667,TanhLayer,TanhLayer,0.455555555556,0.090,10,125.4
class_net,22.388,TanhLayer,TanhLayer,0.544444444444,0.010,5,57.9
row_net,14.667,TanhLayer,TanhLayer,0.544444444444,0.010,5,59.6
col_net,15.333,TanhLayer,TanhLayer,0.544444444444,0.010,5,60.8
class_net,25.373,TanhLayer,TanhLayer,0.544444444444,0.010,6,66.4
row_net,18.000,TanhLayer,TanhLayer,0.544444444444,0.010,6,68.1
col_net,11.333,TanhLayer,TanhLayer,0.544444444444,0.010,6,69.3
class_net,27.363,TanhLayer,TanhLayer,0.544444444444,0.010,7,75.9
row_net,14.667,TanhLayer,TanhLayer,0.544444444444,0.010,7,77.6
col_net,16.667,TanhLayer,TanhLayer,0.544444444444,0.010,7,78.9
class_net,26.866,TanhLayer,TanhLayer,0.544444444444,0.010,8,87.6
row_net,16.000,TanhLayer,TanhLayer,0.544444444444,0.010,8,89.2
col_net